Username,Message,Timestamp
@salonirajeevgupta4249,good morning sir. sor mujhe ye pichla tha ki agar hum adda 247 app se book magnate hai to aajayegi naa? because sir Iam anew aspirant so pls tell me sir and kitna time lagega,2026-07-23 17:25:00
@harr-o9v,bnf vxcy hsi Jouj fast,2026-07-23 18:03:19
@adda247,Buy Bank MahaPack - https://adda247.go.link/BMP_NAVNEET_SIR ,2026-07-23 18:18:50
@TechEr14,RAM - RAM  BHAI BHAI SAARYANE !!! RAM - RAM  BHAI BHAI SAARYANE !!! RAM - RAM  BHAI BHAI SAARYANE !!! RAM - RAM  BHAI BHAI SAARYANE !!! RAM - RAM  BHAI BHAI SAARYANE !!!,2026-07-23 19:49:28
@TechEr14,RAADHE - RAADHE RAADHE - RAADHE RAADHE - RAADHE RAADHE - RAADHE RAADHE - RAADHE RAADHE - RAADHE RAADHE - RAADHE RAADHE - RAADHE RAADHE - RAADHE RAADHE - RAADHE RAADHE - RAADHE ,2026-07-23 19:49:33
@TechEr14,ॐ कृष्णाय वासुदेवाय हरये परमात्मने ॥ प्रणतः क्लेशनाशाय गोविंदाय नमो नमः ॥,2026-07-23 19:49:38
@TechEr14,ॐ नमो हनुमते रुद्रावताराय सर्वशत्रुसंहारणाय सर्वरोग हराय सर्ववशीकरणाय रामदूताय स्वाहा ॥,2026-07-23 19:49:43
@TechEr14,"तो start करते हैं अपने इस ताबड़तोड़, इस beautiful - beautiful session की, क्योंकि हम सभी को पता है कि पढ़ना बहुत है, और समय बहुत है कम । हमें Selection चाहिए नहीं, चाहिए ही चाहिए।",2026-07-23 19:49:43
@TechEr14,"हम VIRAL ARMY हैं..., सूरज  हमें नहीं, हम सूरज  को जगाते हैं !हम VIRAL ARMY हैं..., सूरज  हमें नहीं, हम सूरज  को जगाते हैं !हम VIRAL ARMY हैं..., सूरज  हमें नहीं, हम सूरज  को जगाते हैं !",2026-07-23 19:49:49
@TechEr14,GOOD MORNING GURUJI  GOOD MORNING GURUJI  GOOD MORNING GURUJI  GOOD MORNING GURUJI  GOOD MORNING GURUJI  GOOD MORNING GURUJI  GOOD MORNING GURUJI  GOOD MORNING GURUJI  ,2026-07-23 19:50:00
@SakshiSingh-vo5ks,good morning sir jijij,2026-07-24 00:15:30
@SakshiSingh-vo5ks,,2026-07-24 00:15:57
@akashbhardwaj1463,hy sakshi,2026-07-24 00:18:37
@AkashDas-vs6ht,GOOD MNG SABHI KO,2026-07-24 00:22:50
@RishiSikder,good morning sir,2026-07-24 00:24:19
@RishiSikder,,2026-07-24 00:24:24
@debajitsharma5715,good morning sir,2026-07-24 00:24:59
@debajitsharma5715,Jai Maa Kamakhya,2026-07-24 00:25:31
@SurendarEasam,Good morning sir,2026-07-24 00:26:29
@ExArmyManowarHossain,CJP,2026-07-24 00:27:11
@RekhaJeengar-nx2dx,good morning sir,2026-07-24 00:27:16
@sauravaryan4688,Good morning sir,2026-07-24 00:27:26
@Mindstorm_11,hi,2026-07-24 00:27:26
@ExArmyManowarHossain,GM SIR,2026-07-24 00:27:42
@ExArmyManowarHossain,Next MSP ,2026-07-24 00:28:07
@diyabansal4084,good morning sir,2026-07-24 00:28:49
@SakshiSuryavanshi-mt1rb,hii,2026-07-24 00:28:54
@RekhaJeengar-nx2dx,area of rectangle,2026-07-24 00:28:54
@SakshiSuryavanshi-mt1rb,l*b,2026-07-24 00:29:10
@aarishgamer464,aajkal suraj bhi pehle jag ja rha hai ,2026-07-24 00:29:16
@deep_bolchii,,2026-07-24 00:29:21
@mohikadev298,lb,2026-07-24 00:29:26
@priyasinha6784,Good morning sir,2026-07-24 00:29:47
@somritasaha-k7w,good morning sir,2026-07-24 00:29:57
@PoojaKumari-xy3dj,good morning sir,2026-07-24 00:30:02
@gayathrikrishnan5088,radhe radhe,2026-07-24 00:30:02
@RekhaJeengar-nx2dx,volume of cylinder,2026-07-24 00:30:12
@Mindstorm_11,me new hu kya bina tricks ke jane samahj ayega kya,2026-07-24 00:30:12
@sauravaryan4688,Pi*r2*h,2026-07-24 00:30:39
@akashbhardwaj1463,πr2h,2026-07-24 00:30:44
@TwishaJoshi05,good morning sir,2026-07-24 00:30:44
@TANUYADAV_1228,good morning sir,2026-07-24 00:30:49
@PREETI__KAR,πr²h,2026-07-24 00:30:49
@PREETI__KAR,RADHE RADHE ,2026-07-24 00:31:00
@ShwetaBorasi-u1v,good morning  sir ji and all,2026-07-24 00:31:05
@Kumari2006,Good morning sir ji,2026-07-24 00:31:05
@Chiku-sr7hf,good morning guyss ,2026-07-24 00:31:10
@ExArmyManowarHossain,MSP implemented hone se per month 6000-7000 ka benefit and yearly 84000/- ka ejafa milta ,2026-07-24 00:31:10
@ShaliniKumari-l4x,good morning sir ,2026-07-24 00:31:10
@PritiMaji-j6z,good morning sir ,2026-07-24 00:31:10
@rashmitapradhan5020,Good morning sir ,2026-07-24 00:31:15
@RekhaJeengar-nx2dx,volume of cuboid,2026-07-24 00:31:15
@sanjanaarya3427,good morning sir,2026-07-24 00:31:21
@PREETI__KAR,lbh,2026-07-24 00:31:27
@HarshShaw-kg3lq,GOOD MORNING GURU JII....RADHA RADHA... ,2026-07-24 00:31:37
@PritiMaji-j6z,l*b*h,2026-07-24 00:31:42
@aarishgamer464,lbh,2026-07-24 00:31:52
@LalitKumar-cf9ug,good morning sir ,2026-07-24 00:31:52
@ExArmyManowarHossain,good Morning all ,2026-07-24 00:31:57
@amunique574,good morning sir ji,2026-07-24 00:32:12
@Chiku-sr7hf,abhi sir to aaye nh to ans kisko kr rhe ,2026-07-24 00:32:12
@anushkapal9062,good morning sir,2026-07-24 00:32:17
@Anshika.00111,Good morning sir,2026-07-24 00:32:17
@RekhaJeengar-nx2dx,cylinder total surface area,2026-07-24 00:32:24
@RekhaJeengar-nx2dx,hello chiku,2026-07-24 00:32:39
@SmitaPal-p5b,good morning,2026-07-24 00:32:44
@AmitKumar-th1en,Good morning sir,2026-07-24 00:32:44
@akashbhardwaj1463,2πr (h+r),2026-07-24 00:32:49
@rawat6775,2πrh(r+g),2026-07-24 00:32:55
@Chiku-sr7hf,anushka MMY ki se aagyi kya,2026-07-24 00:32:55
@vishaltrivedi9068,good morning sir,2026-07-24 00:32:55
@aqshu-e7y,,2026-07-24 00:32:55
@PREETI__KAR,2πr(r+h),2026-07-24 00:33:00
@PritiMaji-j6z,2πr(h+r),2026-07-24 00:33:00
@rawat6775,g....h,2026-07-24 00:33:00
@RekhaJeengar-nx2dx,btao kon hu me,2026-07-24 00:33:00
@sonamchauhan2754,good morning mam,2026-07-24 00:33:05
@simran_7i,gm sir,2026-07-24 00:33:05
@RekhaJeengar-nx2dx,haa,2026-07-24 00:33:10
@RishiSikder,2 pie r( h+r),2026-07-24 00:33:10
@RekhaJeengar-nx2dx,phchan liya,2026-07-24 00:33:20
@Chiku-sr7hf,jeengar ek hi hai clss me ,2026-07-24 00:33:32
@neerajsinghpatwal878,aaj bhernhi h class/,2026-07-24 00:33:32
@HarshalJadhao-k8g,6!=,2026-07-24 00:33:37
@rawat6775,2πr(r+h),2026-07-24 00:33:42
@PREETI__KAR,720,2026-07-24 00:33:42
@RekhaJeengar-nx2dx,,2026-07-24 00:33:47
@TANUYADAV_1228,720,2026-07-24 00:33:47
@asmywish6481,720,2026-07-24 00:33:47
@akashbhardwaj1463,720,2026-07-24 00:33:52
@sharma_mamta,Good morning sir,2026-07-24 00:33:57
@rawat6775,720,2026-07-24 00:34:02
@neerajsinghpatwal878,pss jis din promotion kra na ho us din time se aa jainge baki din chutti ,2026-07-24 00:34:02
@VarunKhajuria-b9b,Good Morning Sir,2026-07-24 00:34:12
@ASHISH748V,720,2026-07-24 00:34:18
@sharma_mamta,720,2026-07-24 00:34:18
@adityadhruw7804,Good morning sir ji,2026-07-24 00:34:23
@KartikeySinghKhangarot,morning sir,2026-07-24 00:34:23
@Chiku-sr7hf,ye mensuration wala chapter kia hai tumne ache se @anushka,2026-07-24 00:34:29
@HarshalJadhao-k8g,11!=,2026-07-24 00:34:34
@kaynath_07,sir aagye kya,2026-07-24 00:34:39
@deep_bolchii,kal class nhi hui thi na?,2026-07-24 00:34:50
@missbhardwaj27,kl class hui thi ky?,2026-07-24 00:34:55
@TANUYADAV_1228,39916800,2026-07-24 00:35:00
@RekhaJeengar-nx2dx,nhi ache nhi but thik thak,2026-07-24 00:35:00
@DeeptiraniSahu-rz1iz,nhi,2026-07-24 00:35:05
@akashbhardwaj1463,nhii hui class,2026-07-24 00:35:05
@HarshShaw-kg3lq,GURU JII KAHA HAI..... ,2026-07-24 00:35:10
@sharma_mamta,39916800,2026-07-24 00:35:20
@rawat6775,good morning sir ji sir,2026-07-24 00:35:20
@PayalGupta-q9t,Good morning sir,2026-07-24 00:35:20
@Chiku-sr7hf,mjhe sikhaogi kuch,2026-07-24 00:35:20
@Kumari2006,Good morning sir,2026-07-24 00:35:25
@LalitKumar-cf9ug,good morning sir,2026-07-24 00:35:25
@ExArmyManowarHossain,agaya ,2026-07-24 00:35:25
@kaynath_07,mrng sir,2026-07-24 00:35:25
@rawat6775,good morning sir ji,2026-07-24 00:35:32
@miss.chaitanya,Good Morning Sir ,2026-07-24 00:35:32
@ManjuDhakar-zc6oz,good morning sir,2026-07-24 00:35:32
@RekhaJeengar-nx2dx,ok,2026-07-24 00:35:32
@YogitaGiri-k7z,good morning sir ,2026-07-24 00:35:32
@varshabavne4835,radhe radhe guruji,2026-07-24 00:35:32
@Shivbeti_official,good morning sir ,2026-07-24 00:35:32
@pramodsingh-in6hy,good morning sir,2026-07-24 00:35:37
@Divyanshu-arc1,good morning sir,2026-07-24 00:35:37
@ANKITVERMA-zb7hl,good morning sir,2026-07-24 00:35:37
@vickychauhan6512,good morning sir,2026-07-24 00:35:37
@PritiMaji-j6z,good morning sir,2026-07-24 00:35:37
@MahiMittal-k4j,good morning sir ,2026-07-24 00:35:37
@Tagline009,Good morning sir ji,2026-07-24 00:35:37
@RohniRajpoot-y2u5m,good morning sir,2026-07-24 00:35:37
@asmywish6481,good morning sir,2026-07-24 00:35:37
@PREETI__KAR,GOOD MORNING GURU JI ,2026-07-24 00:35:37
@BaluVikas.,GOOD MORNING SIR ,2026-07-24 00:35:37
@SakshiSuryavanshi-mt1rb,good morning sir,2026-07-24 00:35:37
@NandiniChichkhede-e6m,Good morning Guru Jiiiiiii ,2026-07-24 00:35:42
@samriti6555,good morning sir,2026-07-24 00:35:42
@PREETI__KAR,RADHE RADHE GURUJI ,2026-07-24 00:35:47
@priyankasethi9443,Good morning sir ,2026-07-24 00:35:47
@ManjuDhakar-zc6oz,voice low,2026-07-24 00:35:47
@Divyanshu-arc1,today is my birthday ,2026-07-24 00:35:47
@Chiku-sr7hf,kese ,2026-07-24 00:35:52
@Bikash-Barman-v7e,GD morning,2026-07-24 00:35:52
@rashmitapradhan5020,Good morning sir ji ,2026-07-24 00:35:52
@lipuna-eb1fl,Good morning sir ji,2026-07-24 00:35:52
@Manu09enterprise,good morning sir,2026-07-24 00:35:52
@AkankshaHajare_03,Good morning sir ,2026-07-24 00:35:52
@SonaKumari-qo9bz,good morning sir,2026-07-24 00:35:52
@KumkumDhangar-r5g,radhe krishna guru ji,2026-07-24 00:35:57
@Bikash-Barman-v7e,good morning sir,2026-07-24 00:35:57
@Jyotisharmakush,good morning sir ,2026-07-24 00:35:57
@jyotitripathijyotitripathi666,har har Mahadev ,2026-07-24 00:35:57
@suratrisingh2823,good morning sir ,2026-07-24 00:35:57
@kumarichhotidangi,Good morning sir,2026-07-24 00:35:57
@Rudra_Rahul11,Har har Mahadev sir ,2026-07-24 00:36:02
@AmritaYadav-j2l,good morning sir ,2026-07-24 00:36:02
@aenalisitvadiya3998,good morning sir ,2026-07-24 00:36:02
@DishaSutariya,good morning sir,2026-07-24 00:36:02
@Harshadaa_Sable_31,Good morning sir ,2026-07-24 00:36:02
@marinasamad2712,good morning sir,2026-07-24 00:36:02
@priyashaw8326,90,2026-07-24 00:36:08
@RekhaJeengar-nx2dx,ye to tum btao,2026-07-24 00:36:08
@URVIGALSAR,good morning sir,2026-07-24 00:36:08
@akashbhardwaj1463,happy birthday divyanshu,2026-07-24 00:36:08
@vaibhavsharma6904,90,2026-07-24 00:36:08
@AashishGrover-tt8hg,good morning sir,2026-07-24 00:36:08
@TANUYADAV_1228,90,2026-07-24 00:36:08
@Anshuthakur-p3w,90,2026-07-24 00:36:13
@PritiMaji-j6z,90,2026-07-24 00:36:13
@Gulab-Singh-3366,90,2026-07-24 00:36:13
@ArunaMahapatra-w4y,Good morning  Sir,2026-07-24 00:36:13
@knowledgefactory51,good morning viral army,2026-07-24 00:36:13
@rawat6775,90,2026-07-24 00:36:13
@PREETI__KAR,110,2026-07-24 00:36:13
@AnchalJaiswal-s8z,90,2026-07-24 00:36:18
@LalitKumar-cf9ug,90,2026-07-24 00:36:18
@NandiniChichkhede-e6m,90,2026-07-24 00:36:18
@TwishaJoshi05,90,2026-07-24 00:36:18
@priyankasethi9443,90,2026-07-24 00:36:18
@sauravaryan4688,90,2026-07-24 00:36:18
@miss.chaitanya,90,2026-07-24 00:36:18
@Tagline009,90,2026-07-24 00:36:18
@RajuYP,Good morning Sir,2026-07-24 00:36:18
@pramodsingh-in6hy,90,2026-07-24 00:36:18
@aarushigudipelly8324,90,2026-07-24 00:36:18
@Lilysingh93,good morning sir ,2026-07-24 00:36:18
@Us_08,Good morning sir,2026-07-24 00:36:18
@asmywish6481,90,2026-07-24 00:36:18
@RishiSikder,90,2026-07-24 00:36:18
@BankingUpdateByRanjeet,90,2026-07-24 00:36:18
@priyasinha6784,90,2026-07-24 00:36:18
@lipuna-eb1fl,90,2026-07-24 00:36:18
@KumkumBhawsar-j5s,90,2026-07-24 00:36:18
@SakshiSuryavanshi-mt1rb,90,2026-07-24 00:36:18
@sharma_mamta,90,2026-07-24 00:36:18
@knowledgefactory51,90,2026-07-24 00:36:18
@ImonChakraborty1997,90,2026-07-24 00:36:18
@AmritaYadav-j2l,90,2026-07-24 00:36:18
@nishithmahida4133,90,2026-07-24 00:36:23
@myselfankan007,90,2026-07-24 00:36:23
@supriyakarn5708,90,2026-07-24 00:36:23
@Romisharma-it1fu,good morning sir,2026-07-24 00:36:23
@_anshi__ka,90,2026-07-24 00:36:23
@pratikshatonge163,90,2026-07-24 00:36:23
@kavitasonker1197,90,2026-07-24 00:36:23
@RohniRajpoot-y2u5m,90,2026-07-24 00:36:23
@ashokmoharana6456,90,2026-07-24 00:36:23
@SurendarEasam,90,2026-07-24 00:36:23
@kumarichhotidangi,90,2026-07-24 00:36:23
@Sakshi_Thakur25,90,2026-07-24 00:36:23
@sonamchauhan2754,90,2026-07-24 00:36:23
@ANKITVERMA-zb7hl,90,2026-07-24 00:36:23
@FatimaMulla-uv2hw,90,2026-07-24 00:36:23
@DishaSutariya,90,2026-07-24 00:36:23
@NILP-d4p,90,2026-07-24 00:36:23
@marinasamad2712,90,2026-07-24 00:36:23
@souravsingh5367,90,2026-07-24 00:36:23
@Aditi_Yadav26,90,2026-07-24 00:36:23
@Shivbeti_official,90,2026-07-24 00:36:23
@Dimpeeeee,90,2026-07-24 00:36:23
@namitakhatri5848,90,2026-07-24 00:36:28
@jyotitripathijyotitripathi666,90,2026-07-24 00:36:28
@ASHISH748V,90,2026-07-24 00:36:28
@JyotiBhargav9575-1,90,2026-07-24 00:36:28
@mayurimhatre8345,90,2026-07-24 00:36:28
@Kumari2006,90,2026-07-24 00:36:28
@NehaSingh-sv1xb,90,2026-07-24 00:36:28
@sonalikhotele5610,90,2026-07-24 00:36:28
@mohammadthaslima5101,90,2026-07-24 00:36:28
@PoojaKumari-xy3dj,90,2026-07-24 00:36:28
@KomalKS0808,90,2026-07-24 00:36:28
@divyatheresa-hj1vs,90,2026-07-24 00:36:28
@utkarshsrivastava5728,90,2026-07-24 00:36:28
@priyanshunegi9752,90,2026-07-24 00:36:28
@ShaliniKumari-l4x,90,2026-07-24 00:36:28
@mohikadev298,90,2026-07-24 00:36:28
@PritiMaji-j6z,ok sir,2026-07-24 00:36:28
@Harshadaa_Sable_31,90,2026-07-24 00:36:28
@suratrisingh2823,90,2026-07-24 00:36:28
@LavanyaAdireddy,90,2026-07-24 00:36:28
@ExArmyManowarHossain,90,2026-07-24 00:36:28
@maddisanjana3528,90,2026-07-24 00:36:28
@rashmitapradhan5020,0,2026-07-24 00:36:34
@praveen2098-w3d,90,2026-07-24 00:36:34
@JyotsanaRajpurohit-j9j,90,2026-07-24 00:36:34
@PanchalKomal-k9l,90,2026-07-24 00:36:34
@ArpitaHalder-d5v,90,2026-07-24 00:36:34
@VarunKhajuria-b9b,90,2026-07-24 00:36:34
@KajalYadav-t1u2e,90,2026-07-24 00:36:34
@Bikash-Barman-v7e,90,2026-07-24 00:36:34
@Rahul_Kumar-H2O,90,2026-07-24 00:36:34
@kingGunjan520,90,2026-07-24 00:36:34
@ArunaMahapatra-w4y,90,2026-07-24 00:36:34
@Jyotisharmakush,110,2026-07-24 00:36:34
@URVIGALSAR,90,2026-07-24 00:36:34
@sonikumari3243,90,2026-07-24 00:36:34
@aarishgamer464,90,2026-07-24 00:36:34
@dabhikinjaljayantibhai4351,90,2026-07-24 00:36:34
@antaradas9998,90,2026-07-24 00:36:34
@MahiMittal-k4j,90,2026-07-24 00:36:34
@Anvidwivedi2026,90,2026-07-24 00:36:34
@Pratibha550,890,2026-07-24 00:36:34
@mradulamishra7127,90,2026-07-24 00:36:34
@pramodsingh-in6hy,ok,2026-07-24 00:36:34
@samjanaa7,90,2026-07-24 00:36:40
@Vandana-i2,90,2026-07-24 00:36:40
@BaddamShakthiReddy,90,2026-07-24 00:36:40
@BaluVikas.,90,2026-07-24 00:36:40
@shubhamkakatikar1493,90,2026-07-24 00:36:40
@AashishGrover-tt8hg,90,2026-07-24 00:36:40
@SHILPA-b6u,0,2026-07-24 00:36:40
@rashmitapradhan5020,90,2026-07-24 00:36:40
@RekhaJeengar-nx2dx,it's ok sir,2026-07-24 00:36:40
@debajitsharma5715,90,2026-07-24 00:36:45
@neerajsinghpatwal878,surrri sirrrrr,2026-07-24 00:36:45
@PriyaPatre-m5d,good morning sir,2026-07-24 00:36:45
@jyothijyooo7502,90,2026-07-24 00:36:45
@ShaliniKumari-l4x,no issues,2026-07-24 00:36:45
@kingGunjan520,ok,2026-07-24 00:36:45
@KumkumDhangar-r5g,90,2026-07-24 00:36:45
@Us_08,LOVE YOU SIR,2026-07-24 00:36:45
@sharma_mamta,sir recording chla diya kro,2026-07-24 00:36:45
@deep_bolchii,90,2026-07-24 00:36:45
@AyushmatiVerma-v1h,90,2026-07-24 00:36:45
@AmritaYadav-j2l,take care sir,2026-07-24 00:36:45
@pratima_pal_...x3,good morning sir ,2026-07-24 00:36:50
@charumathi3780,90,2026-07-24 00:36:50
@supriyasupriya4470,90,2026-07-24 00:36:50
@PritiMaji-j6z,no problem sir,2026-07-24 00:36:50
@TrishaChatap-w4e,90,2026-07-24 00:36:50
@anitadristinath1293,90,2026-07-24 00:36:50
@NandiniChichkhede-e6m,it's okay guru jiiii hm dekh lenge recording,2026-07-24 00:36:50
@RituVerma_08,90,2026-07-24 00:36:50
@komalgoswami259,90,2026-07-24 00:36:50
@Harshadaa_Sable_31,ok sir u take rest,2026-07-24 00:36:50
@srikzvissu,90,2026-07-24 00:36:55
@adityadhruw7804,90,2026-07-24 00:36:55
@rajanilaveti158,90,2026-07-24 00:36:55
@vaishnavisamrit,90,2026-07-24 00:36:55
@debajitsharma5715,ok sir U take rest,2026-07-24 00:36:55
@RaniSingh-dc3bj,90,2026-07-24 00:36:55
@saini-e9z,90,2026-07-24 00:36:55
@himanshusaini1520,90,2026-07-24 00:37:00
@sangitamajumder1762,90,2026-07-24 00:37:00
@AkshaayNilkanthWakudkar,take care sir,2026-07-24 00:37:00
@KajalYadav-t1u2e,good morning sir ,2026-07-24 00:37:00
@Us_08,90,2026-07-24 00:37:00
@nitikasaini598,90,2026-07-24 00:37:00
@ShwetaBorasi-u1v,90,2026-07-24 00:37:00
@ArchanaPrajapati-y8l,Good morning sir ,2026-07-24 00:37:00
@pratima_pal_...x3,90,2026-07-24 00:37:00
@ritayuthakur,good morning sir ji ,2026-07-24 00:37:00
@concepts_to_crack_math,get well soon,2026-07-24 00:37:00
@SonaliSharma-yd9yh,90,2026-07-24 00:37:00
@vickychauhan6512,kal bhi dekgi thi sir recording,2026-07-24 00:37:05
@NiraPatel-y3g,90,2026-07-24 00:37:05
@Kalpanahessa,90,2026-07-24 00:37:05
@rashmitapradhan5020,ok sir take care ,2026-07-24 00:37:05
@ShaliniRaj-f5o,90,2026-07-24 00:37:05
@rainbowpasta,90,2026-07-24 00:37:05
@AkashDas-vs6ht,GET WELL SOON SIR,2026-07-24 00:37:05
@himanshujain3398,90,2026-07-24 00:37:05
@samriti6555,90,2026-07-24 00:37:05
@SonaKumari-qo9bz,90,2026-07-24 00:37:05
@ritayuthakur,90,2026-07-24 00:37:05
@PritiMaji-j6z,app jaldi thik ho jaw,2026-07-24 00:37:10
@AkashDas-vs6ht,90,2026-07-24 00:37:10
@AkshaayNilkanthWakudkar,wish i speedy recovery,2026-07-24 00:37:10
@PriyankaSingh-qc5vx,90,2026-07-24 00:37:10
@priyankasethi9443,take care sir jiii,2026-07-24 00:37:10
@Xyz-t5r4l,90,2026-07-24 00:37:10
@neerajsinghpatwal878,baba dhyan rakhne ka health se no compromise ,2026-07-24 00:37:10
@vaibhavsharma6904,93,2026-07-24 00:37:15
@shhruti643,90,2026-07-24 00:37:15
@kkcrafts43,90,2026-07-24 00:37:15
@TANUYADAV_1228,92,2026-07-24 00:37:15
@ArchanaPrajapati-y8l,90,2026-07-24 00:37:15
@SakshiLavhekar,90,2026-07-24 00:37:15
@priyashaw8326,93,2026-07-24 00:37:15
@Akash-25-13,93,2026-07-24 00:37:15
@PritiMaji-j6z,93,2026-07-24 00:37:15
@Anshuthakur-p3w,93,2026-07-24 00:37:15
@RichaPal-c3l8m,good morning sir,2026-07-24 00:37:20
@miss.chaitanya,Take Care & Rest sir ,2026-07-24 00:37:20
@sauravaryan4688,93,2026-07-24 00:37:20
@TANUYADAV_1228,93,2026-07-24 00:37:20
@minecraftmobile8251,Good morning sir,2026-07-24 00:37:20
@neerajsinghpatwal878,waah 93 wale,2026-07-24 00:37:20
@souravsingh5367,93,2026-07-24 00:37:20
@PREETI__KAR,93,2026-07-24 00:37:20
@priyankasethi9443,93,2026-07-24 00:37:25
@TwishaJoshi05,93,2026-07-24 00:37:25
@Jyotisharmakush,93,2026-07-24 00:37:25
@pramodsingh-in6hy,93,2026-07-24 00:37:25
@siddhiverma2618,93,2026-07-24 00:37:25
@mayurimhatre8345,93,2026-07-24 00:37:25
@rawat6775,93,2026-07-24 00:37:25
@ritayuthakur,aapki apna health ka dhyan rakhiyega sir ji,2026-07-24 00:37:25
@Gulab-Singh-3366,93,2026-07-24 00:37:25
@lipuna-eb1fl,93,2026-07-24 00:37:25
@SanjuVerma-fx6is,93,2026-07-24 00:37:25
@YogitaGiri-k7z,93,2026-07-24 00:37:25
@SurendarEasam,91,2026-07-24 00:37:25
@antaradas9998,93,2026-07-24 00:37:25
@NandiniChichkhede-e6m,93,2026-07-24 00:37:25
@RishiSikder,93,2026-07-24 00:37:25
@pratikshatonge163,93,2026-07-24 00:37:25
@sharma_mamta,93,2026-07-24 00:37:25
@PoojaKumari-xy3dj,93,2026-07-24 00:37:25
@Tagline009,93,2026-07-24 00:37:25
@ShaliniKumari-l4x,93,2026-07-24 00:37:25
@FatimaMulla-uv2hw,93,2026-07-24 00:37:25
@miss.chaitanya,93,2026-07-24 00:37:25
@BankingUpdateByRanjeet,93,2026-07-24 00:37:25
@SurendarEasam,93,2026-07-24 00:37:30
@supriyakarn5708,93,2026-07-24 00:37:30
@aarushigudipelly8324,93,2026-07-24 00:37:30
@marinasamad2712,93,2026-07-24 00:37:30
@AmritaYadav-j2l,93,2026-07-24 00:37:30
@nishithmahida4133,93,2026-07-24 00:37:30
@Mr.JituSoni,93,2026-07-24 00:37:30
@PawanKashyap-p5m,93,2026-07-24 00:37:30
@Sakshi_Thakur25,93,2026-07-24 00:37:30
@pramodsingh-in6hy,92,2026-07-24 00:37:30
@AnshuKumari-f5e,93,2026-07-24 00:37:30
@NILP-d4p,93,2026-07-24 00:37:30
@Us_08,93,2026-07-24 00:37:30
@kingGunjan520,93,2026-07-24 00:37:30
@supriyasupriya4470,93,2026-07-24 00:37:30
@knowledgefactory51,93,2026-07-24 00:37:30
@sonuoraon2163,93,2026-07-24 00:37:30
@sonamchauhan2754,93,2026-07-24 00:37:30
@pratima_pal_...x3,93,2026-07-24 00:37:30
@rainbowpasta,93,2026-07-24 00:37:30
@mandiradebnath768,93,2026-07-24 00:37:30
@RohniRajpoot-y2u5m,93,2026-07-24 00:37:30
@PanchalKomal-k9l,93,2026-07-24 00:37:30
@Vandana-i2,93,2026-07-24 00:37:30
@snehanjalisahoo1302,93,2026-07-24 00:37:30
@samjanaa7,93,2026-07-24 00:37:30
@samriti6555,93,2026-07-24 00:37:30
@nitikasaini598,93,2026-07-24 00:37:37
@Ophelia7807,93,2026-07-24 00:37:37
@aashigupta7438,93,2026-07-24 00:37:37
@Dimpeeeee,94,2026-07-24 00:37:37
@AkashDas-vs6ht,93,2026-07-24 00:37:37
@ritayuthakur,93,2026-07-24 00:37:37
@Bikash-Barman-v7e,93,2026-07-24 00:37:37
@SakshiLavhekar,93,2026-07-24 00:37:37
@jyotitripathijyotitripathi666,93,2026-07-24 00:37:37
@rashmitapradhan5020,93,2026-07-24 00:37:37
@adisketches-r418,90,2026-07-24 00:37:37
@DishaSutariya,93,2026-07-24 00:37:37
@AyushmatiVerma-v1h,93,2026-07-24 00:37:37
@JyotiBhargav9575-1,93,2026-07-24 00:37:37
@KajalYadav-t1u2e,93,2026-07-24 00:37:37
@sonikumari3243,93,2026-07-24 00:37:37
@shhruti643,93,2026-07-24 00:37:37
@komalgoswami259,93,2026-07-24 00:37:37
@Anvidwivedi2026,93,2026-07-24 00:37:37
@khushi_00129,93,2026-07-24 00:37:37
@SonaKumari-qo9bz,93,2026-07-24 00:37:37
@minecraftmobile8251,93,2026-07-24 00:37:37
@JyotsanaRajpurohit-j9j,93,2026-07-24 00:37:37
@akanshapandey132,93,2026-07-24 00:37:37
@URVIGALSAR,93,2026-07-24 00:37:37
@mradulamishra7127,93,2026-07-24 00:37:37
@Pratibha550,93,2026-07-24 00:37:37
@neerajsinghpatwal878,93,2026-07-24 00:37:42
@kaynath_07,93,2026-07-24 00:37:42
@PranotiGadadare,93,2026-07-24 00:37:42
@rimimukherjee3329,93,2026-07-24 00:37:42
@DuleshwariSa,93,2026-07-24 00:37:42
@RaniSingh-dc3bj,88,2026-07-24 00:37:42
@sonalikhotele5610,93,2026-07-24 00:37:42
@saini-e9z,93,2026-07-24 00:37:42
@Dimpeeeee,95,2026-07-24 00:37:42
@ANKITVERMA-zb7hl,93,2026-07-24 00:37:42
@aarishgamer464,93,2026-07-24 00:37:42
@debajitsharma5715,7,2026-07-24 00:37:42
@himanshujain3398,93,2026-07-24 00:37:42
@praveen2098-w3d,93,2026-07-24 00:37:42
@Anshika.00111,93,2026-07-24 00:37:42
@_anshi__ka,93,2026-07-24 00:37:47
@maddisanjana3528,93,2026-07-24 00:37:47
@RituVerma_08,93,2026-07-24 00:37:47
@VarunKhajuria-b9b,73,2026-07-24 00:37:47
@vaishnavisamrit,93,2026-07-24 00:37:47
@sdeepdwivedi9055,93,2026-07-24 00:37:47
@Dimpeeeee,93,2026-07-24 00:37:47
@kumarichhotidangi,93,2026-07-24 00:37:47
@RekhaJeengar-nx2dx,93,2026-07-24 00:37:47
@rawat6775,120/3,2026-07-24 00:37:47
@NiraPatel-y3g,93,2026-07-24 00:37:47
@Anshuthakur-p3w,36,2026-07-24 00:37:47
@utkarshsrivastava5728,93,2026-07-24 00:37:47
@dabhikinjaljayantibhai4351,93,2026-07-24 00:37:47
@rajanilaveti158,93,2026-07-24 00:37:47
@TANUYADAV_1228,60/3,2026-07-24 00:37:47
@ritayuthakur,ji,2026-07-24 00:37:47
@Harshadaa_Sable_31,93,2026-07-24 00:37:47
@VMRCFANS-viralarmy,93,2026-07-24 00:37:47
@BaddamShakthiReddy,93,2026-07-24 00:37:47
@adisketches-r418,93,2026-07-24 00:37:52
@somritasaha-k7w,93,2026-07-24 00:37:52
@PriyankaSingh-qc5vx,93,2026-07-24 00:37:52
@shubhamkakatikar1493,93,2026-07-24 00:37:52
@priyashaw8326,60/3,2026-07-24 00:37:52
@PritiMaji-j6z,60/3,2026-07-24 00:37:52
@aarushigudipelly8324,60/3,2026-07-24 00:37:52
@sauravaryan4688,60/36,2026-07-24 00:37:52
@PREETI__KAR,60/3,2026-07-24 00:37:52
@souravsingh5367,60/3,2026-07-24 00:37:52
@Gulab-Singh-3366,60,2026-07-24 00:37:57
@komalgoswami259,36,2026-07-24 00:37:57
@mohammadthaslima5101,18,2026-07-24 00:37:57
@Akash-25-13,60/3,2026-07-24 00:37:57
@nehasingh6241,93,2026-07-24 00:37:57
@antaradas9998,60/3,2026-07-24 00:37:57
@NandiniChichkhede-e6m,60/3,2026-07-24 00:38:02
@Manu09enterprise,93,2026-07-24 00:38:02
@RishiSikder,60/3,2026-07-24 00:38:02
@vaishnavisamrit,60/3,2026-07-24 00:38:02
@debajitsharma5715,93,2026-07-24 00:38:02
@mayurimhatre8345,54,2026-07-24 00:38:02
@VishakhaPatil--wt1,good morning sir ,2026-07-24 00:38:02
@sauravaryan4688,60/3,2026-07-24 00:38:02
@nishithmahida4133,60/3,2026-07-24 00:38:02
@ImonChakraborty1997,20,2026-07-24 00:38:02
@antaradas9998,20,2026-07-24 00:38:02
@sonamchauhan2754,20,2026-07-24 00:38:02
@priyankasethi9443,60/3,2026-07-24 00:38:02
@ritayuthakur,60/3,2026-07-24 00:38:02
@ashokmoharana6456,60/3,2026-07-24 00:38:02
@priyanshunegi9752,60/3,2026-07-24 00:38:02
@Ophelia7807,60/3,2026-07-24 00:38:08
@BankingUpdateByRanjeet,60/3,2026-07-24 00:38:08
@sonuoraon2163,20,2026-07-24 00:38:08
@samjanaa7,60/3,2026-07-24 00:38:08
@rashmitapradhan5020,60/3,2026-07-24 00:38:08
@PoojaKumari-xy3dj,60/3,2026-07-24 00:38:08
@snehanjalisahoo1302,60/3,2026-07-24 00:38:08
@PritiMaji-j6z,60/3=20,2026-07-24 00:38:08
@Manu09enterprise,60/3,2026-07-24 00:38:08
@dabhikinjaljayantibhai4351,120/3,2026-07-24 00:38:08
@samriti6555,60/3,2026-07-24 00:38:08
@sharma_mamta,30,2026-07-24 00:38:08
@pratikshatonge163,60/3,2026-07-24 00:38:08
@Kumari2006,60/3,2026-07-24 00:38:08
@Poojakumari-se4tf,good morning sir ji ,2026-07-24 00:38:08
@KajalYadav-t1u2e,60/3,2026-07-24 00:38:08
@pramodsingh-in6hy,60/3,2026-07-24 00:38:08
@PriyankaSingh-qc5vx,60/3,2026-07-24 00:38:08
@priyanshunegi9752,20,2026-07-24 00:38:08
@myselfankan007,60/3,2026-07-24 00:38:08
@Bikash-Barman-v7e,60/3,2026-07-24 00:38:08
@praveen2098-w3d,20,2026-07-24 00:38:08
@nitikasaini598,60/3,2026-07-24 00:38:13
@wowanushrutidubey9394,60/3,2026-07-24 00:38:13
@TwishaJoshi05,60/3,2026-07-24 00:38:13
@jyotitripathijyotitripathi666,60/3,2026-07-24 00:38:13
@SanjuVerma-fx6is,60/3,2026-07-24 00:38:13
@DURGESHKUMAR-jy9gz,60/3,2026-07-24 00:38:13
@tanmaybiswas18,60/3,2026-07-24 00:38:13
@Rahul_Kumar-H2O,60/3,2026-07-24 00:38:13
@PawanVish-d7s,60/3,2026-07-24 00:38:18
@SonaKumari-qo9bz,60/3,2026-07-24 00:38:18
@mradulamishra7127,60/3,2026-07-24 00:38:18
@Tagline009,60/3,2026-07-24 00:38:18
@PritiMaji-j6z,20,2026-07-24 00:38:18
@priyasinha6784,60/3,2026-07-24 00:38:18
@siddhiverma2618,60/3,2026-07-24 00:38:18
@sharma_mamta,60/3,2026-07-24 00:38:18
@JyotsanaRajpurohit-j9j,60/3,2026-07-24 00:38:18
@PRITAM-BABU-ZP,GOOD MORNING SIR ,2026-07-24 00:38:18
@rimimukherjee3329,60 /3,2026-07-24 00:38:18
@VishnuPriya-y4q,good morning sir,2026-07-24 00:38:18
@akashbhardwaj1463,60/3,2026-07-24 00:38:18
@AmritaYadav-j2l,60/3,2026-07-24 00:38:18
@AnshuKumari-f5e,60/3,2026-07-24 00:38:18
@minecraftmobile8251,60/3,2026-07-24 00:38:18
@PranotiGadadare,60/3,2026-07-24 00:38:18
@ManjuDhakar-zc6oz,60/3,2026-07-24 00:38:18
@Shivbeti_official,60/3,2026-07-24 00:38:18
@KomalKS0808,20,2026-07-24 00:38:18
@PraveenKumar-oe6zy,60/3,2026-07-24 00:38:18
@kingGunjan520,60/3,2026-07-24 00:38:18
@miss.chaitanya,60/3,2026-07-24 00:38:18
@Aditi_Yadav26,60/3,2026-07-24 00:38:18
@FatimaMulla-uv2hw,60/3,2026-07-24 00:38:23
@rimimukherjee3329,20,2026-07-24 00:38:23
@khushi_00129,20,2026-07-24 00:38:23
@AyushiKharkar,", 60/3",2026-07-24 00:38:23
@ASHISH748V,60/3,2026-07-24 00:38:23
@pratima_pal_...x3,20,2026-07-24 00:38:23
@51393anjuanju,60/3,2026-07-24 00:38:23
@KajalKumari-z7r4x,60/3,2026-07-24 00:38:23
@sdeepdwivedi9055,60/3,2026-07-24 00:38:23
@RekhaJeengar-nx2dx,60/3,2026-07-24 00:38:23
@_anshi__ka,60/3,2026-07-24 00:38:23
@Harshadaa_Sable_31,60/3,2026-07-24 00:38:23
@riyakumari7062,60/3,2026-07-24 00:38:23
@namitakhatri5848,60/3,2026-07-24 00:38:23
@ANKITVERMA-zb7hl,60/ 3,2026-07-24 00:38:23
@kumarichhotidangi,20,2026-07-24 00:38:23
@SurendarEasam,60/3,2026-07-24 00:38:23
@dabhikinjaljayantibhai4351,20,2026-07-24 00:38:23
@harxsh-g8l,60/3,2026-07-24 00:38:23
@supriyakarn5708,30,2026-07-24 00:38:23
@vikalpkhare-u1z,3,2026-07-24 00:38:23
@priyankasethi9443,20,2026-07-24 00:38:23
@rawat6775,2/105,2026-07-24 00:38:23
@ashokmoharana6456,20,2026-07-24 00:38:28
@himanshujain3398,20,2026-07-24 00:38:28
@aashigupta7438,20,2026-07-24 00:38:28
@TANUYADAV_1228,2/105,2026-07-24 00:38:28
@souravsingh5367,2/105,2026-07-24 00:38:28
@SonaliSharma-yd9yh,60/3,2026-07-24 00:38:28
@Akash-25-13,2/105,2026-07-24 00:38:28
@asmywish6481,20,2026-07-24 00:38:28
@riyakumari7062,20,2026-07-24 00:38:28
@priyashaw8326,2/105,2026-07-24 00:38:28
@vikalpkhare-u1z,60/3,2026-07-24 00:38:28
@Poojakumari-se4tf,20,2026-07-24 00:38:28
@ShaliniKumari-l4x,20,2026-07-24 00:38:33
@aarushigudipelly8324,2/105,2026-07-24 00:38:33
@PritiMaji-j6z,2/105,2026-07-24 00:38:33
@BaddamShakthiReddy,60/3,2026-07-24 00:38:33
@PREETI__KAR,2/105,2026-07-24 00:38:33
@sauravaryan4688,2/105,2026-07-24 00:38:33
@NandiniChichkhede-e6m,2/105,2026-07-24 00:38:33
@BhavaniDadagi,30,2026-07-24 00:38:33
@vaibhavsharma6904,2/105,2026-07-24 00:38:33
@KajalKumari-z7r4x,good morning  sir,2026-07-24 00:38:40
@pramodsingh-in6hy,2/105,2026-07-24 00:38:40
@debajitsharma5715,20,2026-07-24 00:38:40
@sonuoraon2163,2/70,2026-07-24 00:38:40
@tanmaybiswas18,2/105,2026-07-24 00:38:40
@SwatiChaudhary_v8m,radhe radhe sir ji,2026-07-24 00:38:40
@ImonChakraborty1997,2/105,2026-07-24 00:38:40
@nitikasaini598,2/105,2026-07-24 00:38:40
@ashokmoharana6456,2/105,2026-07-24 00:38:40
@ritayuthakur,2/105,2026-07-24 00:38:40
@Tagline009,2/35,2026-07-24 00:38:40
@Bikash-Barman-v7e,2/105,2026-07-24 00:38:40
@nishithmahida4133,2/105,2026-07-24 00:38:40
@samriti6555,2/105,2026-07-24 00:38:40
@praveen2098-w3d,12,2026-07-24 00:38:40
@Dimpeeeee,12,2026-07-24 00:38:40
@AmritaYadav-j2l,2/105,2026-07-24 00:38:40
@rashmitapradhan5020,2/105,2026-07-24 00:38:40
@Gulab-Singh-3366,2/105,2026-07-24 00:38:40
@khushi_00129,2/105,2026-07-24 00:38:40
@AyushmatiVerma-v1h,2/105,2026-07-24 00:38:40
@RishiSikder,2/105,2026-07-24 00:38:40
@SakshiSuryavanshi-mt1rb,2/105,2026-07-24 00:38:40
@Rahul_Kumar-H2O,2/105,2026-07-24 00:38:40
@sharma_mamta,2/105,2026-07-24 00:38:45
@samjanaa7,2/105,2026-07-24 00:38:45
@akashbhardwaj1463,2/105,2026-07-24 00:38:45
@PoojaKumari-xy3dj,2/105,2026-07-24 00:38:45
@ArpitaHalder-d5v,2 /105,2026-07-24 00:38:45
@kumarichhotidangi,2/105,2026-07-24 00:38:45
@SanjuVerma-fx6is,2/105,2026-07-24 00:38:45
@Aditi_Yadav26,2/105,2026-07-24 00:38:45
@PawanVish-d7s,2/105,2026-07-24 00:38:45
@PriyankaSingh-qc5vx,2/105,2026-07-24 00:38:45
@neerajsinghpatwal878,2/105,2026-07-24 00:38:45
@wowanushrutidubey9394,2/105,2026-07-24 00:38:45
@supriyakarn5708,2\105,2026-07-24 00:38:45
@priyanshunegi9752,2/105,2026-07-24 00:38:45
@Ophelia7807,2/70,2026-07-24 00:38:45
@AnshuKumari-f5e,2/105,2026-07-24 00:38:45
@KajalKumari-z7r4x,2/105,2026-07-24 00:38:45
@valvimanisha2827,2/105,2026-07-24 00:38:45
@riyakumari7062,2/105,2026-07-24 00:38:45
@priyankasethi9443,2/105,2026-07-24 00:38:45
@sdeepdwivedi9055,2/105,2026-07-24 00:38:45
@mohikadev298,2/105,2026-07-24 00:38:45
@charumathi3780,2/105,2026-07-24 00:38:45
@RohniRajpoot-y2u5m,2/105,2026-07-24 00:38:45
@asmywish6481,6,2026-07-24 00:38:45
@Tagline009,2/105,2026-07-24 00:38:45
@antaradas9998,2/105,2026-07-24 00:38:45
@AmanKumar-yf6zg,2/105,2026-07-24 00:38:50
@BankingUpdateByRanjeet,2/105,2026-07-24 00:38:50
@priyasinha6784,2/105,2026-07-24 00:38:50
@vikalpkhare-u1z,2/105,2026-07-24 00:38:50
@komalgoswami259,2/105,2026-07-24 00:38:50
@AyushiKharkar,2/150,2026-07-24 00:38:50
@akanshapandey132,2/105,2026-07-24 00:38:50
@FatimaMulla-uv2hw,2/105,2026-07-24 00:38:50
@SonaKumari-qo9bz,2/105,2026-07-24 00:38:50
@TwishaJoshi05,2/105,2026-07-24 00:38:50
@BaddamShakthiReddy,2/105,2026-07-24 00:38:50
@ANKITVERMA-zb7hl,2/105,2026-07-24 00:38:50
@minecraftmobile8251,2/105,2026-07-24 00:38:50
@LalitKumar-cf9ug,2/105,2026-07-24 00:38:50
@sonamchauhan2754,2/105,2026-07-24 00:38:50
@sonikumari3243,2/105,2026-07-24 00:38:50
@mayurimhatre8345,12/35,2026-07-24 00:38:50
@kingGunjan520,2/105,2026-07-24 00:38:50
@KomalKS0808,2/105,2026-07-24 00:38:50
@ASHISH748V,2/105,2026-07-24 00:38:50
@sonuoraon2163,2/105,2026-07-24 00:38:55
@myselfankan007,2/105,2026-07-24 00:38:55
@PranotiGadadare,2/105,2026-07-24 00:38:55
@URVIGALSAR,2/105,2026-07-24 00:38:55
@Sakshi_Thakur25,2/105,2026-07-24 00:38:55
@KajalYadav-t1u2e,2/105,2026-07-24 00:38:55
@pratima_pal_...x3,1/105,2026-07-24 00:38:55
@_anshi__ka,2/105,2026-07-24 00:38:55
@rimimukherjee3329,2/105,2026-07-24 00:38:55
@praveen2098-w3d,2/105,2026-07-24 00:38:55
@Manu09enterprise,2/105,2026-07-24 00:38:55
@rawat6775,680625,2026-07-24 00:38:55
@Kalpanahessa,2/105,2026-07-24 00:38:55
@ItisreeSahu-p3l,12/105,2026-07-24 00:38:55
@Poojakumari-se4tf,2/105,2026-07-24 00:38:55
@Harshadaa_Sable_31,2/105,2026-07-24 00:38:55
@JyotsanaRajpurohit-j9j,2/105,2026-07-24 00:38:55
@namitakhatri5848,2/105,2026-07-24 00:38:55
@himanshujain3398,2/1/5,2026-07-24 00:38:55
@poojan2858,2/105,2026-07-24 00:39:00
@51393anjuanju,2/105,2026-07-24 00:39:00
@PranotiGadadare,105,2026-07-24 00:39:00
@TANUYADAV_1228,680625,2026-07-24 00:39:00
@MehnajErhin,2/105,2026-07-24 00:39:00
@Shivbeti_official,2/105,2026-07-24 00:39:00
@pranjalimishra1506,2/105,2026-07-24 00:39:00
@DURGESHKUMAR-jy9gz,2/105,2026-07-24 00:39:00
@aashigupta7438,2/105,2026-07-24 00:39:00
@nehasingh6241,2/105,2026-07-24 00:39:00
@PritiMaji-j6z,680625,2026-07-24 00:39:00
@souravsingh5367,680625,2026-07-24 00:39:05
@priyashaw8326,680625,2026-07-24 00:39:05
@Akash-25-13,680625,2026-07-24 00:39:05
@aarushigudipelly8324,680625,2026-07-24 00:39:05
@PawanKashyap-p5m,2/105,2026-07-24 00:39:05
@SwatiChaudhary_v8m,2/105,2026-07-24 00:39:05
@PREETI__KAR,660625,2026-07-24 00:39:05
@nishithmahida4133,680625,2026-07-24 00:39:10
@antaradas9998,680625,2026-07-24 00:39:10
@lipuna-eb1fl,680625,2026-07-24 00:39:10
@ImonChakraborty1997,680625,2026-07-24 00:39:10
@priyankasethi9443,680625,2026-07-24 00:39:10
@vaibhavsharma6904,680625,2026-07-24 00:39:10
@diyabansal4084,680625,2026-07-24 00:39:10
@Kumari2006,680625,2026-07-24 00:39:10
@RaniSingh-dc3bj,2/72625,2026-07-24 00:39:10
@Ophelia7807,680625,2026-07-24 00:39:10
@SurendarEasam,680625,2026-07-24 00:39:10
@ritayuthakur,680625,2026-07-24 00:39:10
@debajitsharma5715,2/35,2026-07-24 00:39:10
@AmritaYadav-j2l,680625,2026-07-24 00:39:10
@ashokmoharana6456,680625,2026-07-24 00:39:10
@Rahul_Kumar-H2O,680625,2026-07-24 00:39:10
@saini-e9z,85625,2026-07-24 00:39:10
@LalitKumar-cf9ug,680625,2026-07-24 00:39:15
@NandiniChichkhede-e6m,680625,2026-07-24 00:39:15
@PREETI__KAR,680625,2026-07-24 00:39:15
@tanmaybiswas18,680625,2026-07-24 00:39:15
@snehanjalisahoo1302,680625,2026-07-24 00:39:15
@jyotitripathijyotitripathi666,680625,2026-07-24 00:39:15
@51393anjuanju,640625,2026-07-24 00:39:15
@KajalKumari-z7r4x,680625,2026-07-24 00:39:15
@pramodsingh-in6hy,680625,2026-07-24 00:39:15
@BankingUpdateByRanjeet,680625,2026-07-24 00:39:15
@charumathi3780,680625,2026-07-24 00:39:15
@harshitaagrawal6278,680625,2026-07-24 00:39:15
@rimimukherjee3329,680625,2026-07-24 00:39:15
@nitikasaini598,680625,2026-07-24 00:39:15
@akanshapandey132,680625,2026-07-24 00:39:15
@PranotiGadadare,680625,2026-07-24 00:39:15
@wowanushrutidubey9394,680625,2026-07-24 00:39:15
@priyasinha6784,680625,2026-07-24 00:39:15
@palashstudy001,680625,2026-07-24 00:39:15
@URVIGALSAR,680625,2026-07-24 00:39:15
@Anshuthakur-p3w,680625,2026-07-24 00:39:15
@SanjuVerma-fx6is,680625,2026-07-24 00:39:15
@ShaliviKhare,7225,2026-07-24 00:39:20
@dabhikinjaljayantibhai4351,680625,2026-07-24 00:39:20
@TwishaJoshi05,680625,2026-07-24 00:39:20
@Tagline009,66625,2026-07-24 00:39:20
@utkarshsrivastava5728,680625,2026-07-24 00:39:20
@sharma_mamta,680625,2026-07-24 00:39:20
@VishnuPriya-y4q,680625,2026-07-24 00:39:20
@kingGunjan520,680625,2026-07-24 00:39:20
@sauravaryan4688,680625,2026-07-24 00:39:20
@PoojaKumari-xy3dj,680625,2026-07-24 00:39:20
@mayurimhatre8345,95225,2026-07-24 00:39:20
@somritasaha-k7w,2/105,2026-07-24 00:39:20
@neehadas1118,680625,2026-07-24 00:39:20
@Gulab-Singh-3366,680625,2026-07-24 00:39:20
@FatimaMulla-uv2hw,680625,2026-07-24 00:39:20
@RishiSikder,680625,2026-07-24 00:39:20
@praveen2098-w3d,68625,2026-07-24 00:39:20
@pratikshatonge163,680625,2026-07-24 00:39:20
@ANKITVERMA-zb7hl,680625,2026-07-24 00:39:20
@valvimanisha2827,680625,2026-07-24 00:39:20
@pratima_pal_...x3,680625,2026-07-24 00:39:26
@KajalYadav-t1u2e,680625,2026-07-24 00:39:26
@Shivbeti_official,680625,2026-07-24 00:39:26
@Poojakumari-se4tf,680625,2026-07-24 00:39:26
@rashmitapradhan5020,680625,2026-07-24 00:39:26
@KickoffWithAbhi,68025,2026-07-24 00:39:26
@DURGESHKUMAR-jy9gz,680625,2026-07-24 00:39:26
@JyotiBhargav9575-1,680625,2026-07-24 00:39:26
@JyotsanaRajpurohit-j9j,64625,2026-07-24 00:39:26
@harxsh-g8l,680625,2026-07-24 00:39:26
@sdeepdwivedi9055,680625,2026-07-24 00:39:26
@marinasamad2712,680625,2026-07-24 00:39:26
@Harshadaa_Sable_31,680625,2026-07-24 00:39:26
@Aditi_Yadav26,680625,2026-07-24 00:39:26
@ArpitaHalder-d5v,680625,2026-07-24 00:39:26
@khushi_00129,680625,2026-07-24 00:39:26
@kumarichhotidangi,680625,2026-07-24 00:39:26
@Pratibha550,68625,2026-07-24 00:39:26
@samriti6555,680625,2026-07-24 00:39:26
@DishaGautam-n8k,680625,2026-07-24 00:39:26
@greenzone6361,680625,2026-07-24 00:39:26
@PraveenKumar-oe6zy,680625,2026-07-24 00:39:26
@NajminLingsur,Good morning Sir,2026-07-24 00:39:26
@shubhamkakatikar1493,68625,2026-07-24 00:39:31
@PawanKashyap-p5m,680625,2026-07-24 00:39:31
@ParulRautel,680625,2026-07-24 00:39:31
@Bikash-Barman-v7e,680625,2026-07-24 00:39:31
@supriyakarn5708,680625,2026-07-24 00:39:31
@MehnajErhin,680625,2026-07-24 00:39:31
@GhunuMondal,680625,2026-07-24 00:39:31
@KickoffWithAbhi,680625,2026-07-24 00:39:31
@asmywish6481,680625,2026-07-24 00:39:31
@SonaKumari-qo9bz,680625,2026-07-24 00:39:31
@PawanVish-d7s,680625,2026-07-24 00:39:31
@ShaliniKumari-l4x,680625,2026-07-24 00:39:31
@Ak_edits77777,680625,2026-07-24 00:39:31
@riyakumari7062,68625,2026-07-24 00:39:31
@shhruti643,680625,2026-07-24 00:39:36
@NILP-d4p,980625,2026-07-24 00:39:36
@NehaSingh-sv1xb,680625,2026-07-24 00:39:36
@PREETI__KAR,1174,2026-07-24 00:39:36
@priyanshunegi9752,680625,2026-07-24 00:39:36
@_anshi__ka,680625,2026-07-24 00:39:36
@knowledgefactory51,680625,2026-07-24 00:39:36
@mayurimhatre8345,680625,2026-07-24 00:39:36
@TANUYADAV_1228,1174,2026-07-24 00:39:36
@ArchanaPrajapati-y8l,68625,2026-07-24 00:39:36
@rawat6775,1072,2026-07-24 00:39:36
@myselfankan007,880625,2026-07-24 00:39:36
@vaibhavsharma6904,1174,2026-07-24 00:39:36
@artikurkutiya1711,680625,2026-07-24 00:39:36
@maddisanjana3528,680625,2026-07-24 00:39:36
@PanchalKomal-k9l,680625,2026-07-24 00:39:36
@ManjuDhakar-zc6oz,680625,2026-07-24 00:39:36
@Anshuthakur-p3w,1174,2026-07-24 00:39:36
@poojan2858,680625,2026-07-24 00:39:36
@AyushiKharkar,680625,2026-07-24 00:39:36
@Kalpanahessa,680625,2026-07-24 00:39:36
@souravsingh5367,1174,2026-07-24 00:39:36
@himanshujain3398,680625,2026-07-24 00:39:36
@KomalKS0808,680625,2026-07-24 00:39:36
@priyashaw8326,1174,2026-07-24 00:39:36
